{
  "bundles": [
    {
      "name": "cmake",
      "version": "^4.0.1+st.3"
    },
    {
      "name": "ninja",
      "version": "^1.12.1+st.9"
    },
    {
      "name": "gnu-tools-for-stm32",
      "version": "^13.3.1+st.9"
    },
    {
      "name": "st-arm-clangd",
      "version": "^19.1.2+st.3"
    },
    {
      "name": "cube-cmsis-scanner",
      "version": "1.1.3"
    },
    {
      "name": "cube-wrapper",
      "version": "0.8.3"
    },
    {
      "name": "gnu-gdb-for-stm32",
      "version": "13.3.1+st.10"
    },
    {
      "name": "jlink-gdbserver",
      "version": "8.38.0+st.1"
    },
    {
      "name": "stlink-server",
      "version": "2.1.1+st.7"
    },
    {
      "name": "stlink-upgrader",
      "version": "3.16.8+st.3"
    },
    {
      "name": "rtos-proxy",
      "version": "0.17.0+st.3"
    },
    {
      "name": "st-arm-clang",
      "version": "19.1.6+st.9"
    },
    {
      "name": "st-arm-clang-hybrid",
      "version": "19.1.6+st.2"
    },
    {
      "name": "stlink-gdbserver",
      "version": "7.11.0+st.1"
    },
    {
      "name": "node",
      "version": "20.19.4+st.1"
    }
  ]
}
